spot,D1_E6MAF,D2_D10MAF,D4_E7MAF,D5_E8MAF,D6_E9MAF,D10_E10MAF,D11_E11MAF,D12_D11MAF,D14_E12MAF,D17_D12MAF,D19_F1,D20_F2MAF,D7_2correctMF,D9_3correctMF,D16_4correctMF,D18_5correctMF
D1_E6MAF,,,,,,,,,,,,,,,,
D2_D10MAF,0.8,,,,,,,,,,,,,,,
D4_E7MAF,0.8,1.4,,,,,,,,,,,,,,
D5_E8MAF,1.1,1.2,0.8,,,,,,,,,,,,,
D6_E9MAF,1.3,2,0.7,1.3,,,,,,,,,,,,
D10_E10MAF,2.5,2.9,1.7,1.8,1.3,,,,,,,,,,,
D11_E11MAF,2.9,3.7,2.4,3,1.7,2,,,,,,,,,,
D12_D11MAF,2.9,3.7,2.3,2.9,1.7,1.7,0.4,,,,,,,,,
D14_E12MAF,3.2,3.7,2.5,2.6,1.9,0.8,1.7,1.4,,,,,,,,
D17_D12MAF,4.8,5.4,4,4.4,3.4,2.8,2,1.8,2,,,,,,,
D19_F1,5.4,6,4.7,5.1,4.1,3.3,2.7,2.6,2.5,0.7,,,,,,
D20_F2MAF,5,5.5,4.3,4.4,3.8,2.6,3,2.8,1.8,1.6,1.5,,,,,
D7_2correctMF,1.4,1.8,0.7,0.7,0.9,1.2,2.4,2.2,2,3.8,4.4,3.8,,,,
D9_3correctMF,2.2,2.9,1.6,2.2,1,1.6,0.8,0.7,1.7,2.7,3.4,3.3,1.7,,,
D16_4correctMF,4.3,5,3.7,4.2,3,2.6,1.6,1.5,1.8,0.5,1.3,2,3.5,2.2,,
D18_5correctMF,4.4,5.1,3.7,4,3.1,2.3,2,1.9,1.5,0.6,1,1.1,3.4,2.4,0.9,