spot,kn1MAF,kn3MAF,kn4MAF,kn5MAF,kn6MAF,kn11MAF,Kn2f9MAF,kn10MAF,kn12MAF,kn14MAF,kn15MAF,Kn9f10MAF,Kn13f11MAF,kn7MAF,kn8MAF
kn1MAF,,,,,,,,,,,,,,,
kn3MAF,1.5,,,,,,,,,,,,,,
kn4MAF,2.9,3.3,,,,,,,,,,,,,
kn5MAF,2,1.3,2.2,,,,,,,,,,,,
kn6MAF,3.5,3.5,1.2,2.1,,,,,,,,,,,
kn11MAF,6.3,5.7,4.2,4.4,3,,,,,,,,,,
Kn2f9MAF,1.2,2,1.6,1.5,2.2,5.3,,,,,,,,,
kn10MAF,4.1,3.1,3.3,2.1,2.4,2.8,3.5,,,,,,,,
kn12MAF,5.4,4.5,4,3.4,2.8,1.5,4.6,1.5,,,,,,,
kn14MAF,6.2,5.1,4.9,4.2,3.9,2.1,5.5,2,1.1,,,,,,
kn15MAF,5,4,3.9,3,2.8,2.1,4.3,0.9,0.6,1.2,,,,,
Kn9f10MAF,4.1,3.3,2.7,2.1,1.8,2.9,3.3,0.8,1.4,2.3,1.1,,,,
Kn13f11MAF,6,5.1,4.4,4,3.3,1.2,5.2,2,0.6,0.8,1.1,1.9,,,
kn7MAF,3.1,2.4,2.2,1.2,1.5,3.2,2.4,1.1,2.3,3.1,1.9,0.9,2.9,,
kn8MAF,4.5,4,2.4,2.8,1.2,1.9,3.4,1.9,1.6,2.8,1.8,1.1,2.1,1.6,