spot,F12_d2OKmaf,F13_d3OKmaf,F14_d4OKmaf,F28_14OKmaf,F29_15OKmaf,F30_16OKmaf,F31_17OKmaf,F25_13OKmaf,F8_a3OKmaf,F4rptOKmaf,F5_c5OKmaf,F7rptOKmaf,F3_a2OKmaf,F6_a8OKmaf,F17_10OKmaf,F18_11OKmaf,F19_12OKmaf
F12_d2OKmaf,,,,,,,,,,,,,,,,,
F13_d3OKmaf,0.5,,,,,,,,,,,,,,,,
F14_d4OKmaf,0.6,0.6,,,,,,,,,,,,,,,
F28_14OKmaf,0.5,0.3,0.6,,,,,,,,,,,,,,
F29_15OKmaf,0.9,0.5,0.9,0.4,,,,,,,,,,,,,
F30_16OKmaf,1.3,1.1,0.7,1.2,1.5,,,,,,,,,,,,
F31_17OKmaf,1.4,0.7,0.7,1,1.2,0.8,,,,,,,,,,,
F25_13OKmaf,1.6,1.7,1.9,1.5,1.1,2.6,2.3,,,,,,,,,,
F8_a3OKmaf,1.2,1.7,1.7,1.5,1.7,2.3,2.6,1.5,,,,,,,,,
F4rptOKmaf,2,2.5,2.5,2.7,2.7,3.4,3.9,2.2,0.8,,,,,,,,
F5_c5OKmaf,1.5,1.8,2.1,1.6,1.5,2.7,2.7,0.7,0.6,0.7,,,,,,,
F7rptOKmaf,1.7,2.2,2.2,2.4,2.6,2.8,3.3,2.5,0.7,0.7,1.1,,,,,,
F3_a2OKmaf,2.4,2.6,2.6,2.6,2.5,3.6,3.7,1.8,1.6,1.4,0.9,2,,,,,
F6_a8OKmaf,1.6,1.8,1.8,1.7,1.4,2.9,2.7,0.3,1.4,1.8,0.9,2,0.9,,,,
F17_10OKmaf,3,3.5,3.8,3.2,3.1,4.2,4.2,2.1,1.8,1.4,1.5,2.3,0.6,1.2,,,
F18_11OKmaf,2.2,2.7,2.9,2.4,2.1,3.3,3.4,1.3,1.3,1.4,0.7,2,0.7,0.9,0.8,,
F19_12OKmaf,1.8,2.1,2.5,1.9,1.8,3,2.9,0.7,1.1,1.7,0.3,2.1,1.1,0.3,1.3,0.5,